{
  "project_info": {
    "project_number": "471573101701",
    "project_id": "first-project-aed4d",
    "storage_bucket": "first-project-aed4d.appspot.com"
  },
  "client": [
    {
      "client_info": {
        "mobilesdk_app_id": "1:471573101701:android:2d42dcd41a0282dfbd3dec",
        "android_client_info": {
          "package_name": "com.example.lntfinalproject"
        }
      },
      "oauth_client": [
        {
          "client_id": "471573101701-pe2uhcidqk2ga06mjcp1covs9crh557t.apps.googleusercontent.com",
          "client_type": 3
        }
      ],
      "api_key": [
        {
          "current_key": "AIzaSyDI_5nMEr2fXvNPij1Skx0LpMN3N4m4KHs"
        }
      ],
      "services": {
        "appinvite_service": {
          "other_platform_oauth_client": [
            {
              "client_id": "471573101701-pe2uhcidqk2ga06mjcp1covs9crh557t.apps.googleusercontent.com",
              "client_type": 3
            }
          ]
        }
      }
    }
  ],
  "configuration_version": "1"
}